{
    "limit": 1,
    "owner":{},
    "admin":{},
    "addadmin":false,
    "delladmin":false,
    "staff":{},
    "addstaff":false,
    "dellstaff":false,
    "bots":{},
    "addbots":false,
    "dellbots":false,
    "blacklist":{},
    "wblacklist":false,
    "dblacklist":false,
    "contact":false,
    "autoJoin":true,
    "autoAdd":true,
    "autoLeave":false,
    "autoLeave1":false,
    "detectMention":false,
    "Mentiongift":false,
    "Mentionkick":false,
    "welcomeOn":false,
    "sticker":false,
    "selfbot":true,
    "Talkblacklist":{},
    "Talkwblacklist":false,
    "Talkdblacklist":false,
    "talkban":true,
    "unsend":false,
    "mention":"Ngapain lu read doang?",
    "Respontag":"tag tag bae",
    "welcome":"Welcome",
    "leave":"Good Bye, See You Next Time 😃",
    "comment":"Like by Aditmadzs",
    "message":"Thank for add"
}
